Block,Treatment,Yield
1,Variety A,4.776113643
2,Variety A,4.167309262
3,Variety A,7.449164952
4,Variety A,7.757967337
1,Variety B,8.6989031
2,Variety B,6.332884039
3,Variety B,9.673666482
4,Variety B,10.81933243
1,Variety C,9.663780964
2,Variety C,7.861877074
3,Variety C,12.72423637
4,Variety C,8.837111214
1,Variety D,5.968923961
2,Variety D,7.078335949
3,Variety D,9.021241207
4,Variety D,8.428939255
